{"name":"22194c29-29a0-4bd0-9743-33374a348fba","id":"/providers/Microsoft.Flow/flows/22194c29-29a0-4bd0-9743-33374a348fba","type":"Microsoft.Flow/flows","properties":{"apiId":"/providers/Microsoft.PowerApps/apis/shared_logicflows","displayName":"PRO_SL_Submit_Job","definition":{"metadata":{"workflowEntityId":null,"processAdvisorMetadata":null,"flowclientsuspensionreason":"None","flowclientsuspensiontime":null,"creator":{"id":"f53ff1ea-a8a5-4f62-bfcb-785385d9bd7f","type":"User","tenantId":"d39b3018-688f-4d0d-9fce-8c3cb1169c21"},"provisioningMethod":"FromDefinition","failureAlertSubscription":true,"clientLastModifiedTime":"2021-07-19T02:04:38.5452066Z"},"$schema":"https://schema.management.azure.com/providers/Microsoft.Logic/schemas/2016-06-01/workflowdefinition.json#","contentVersion":"1.0.0.0","parameters":{"$connections":{"defaultValue":{},"type":"Object"},"$authentication":{"defaultValue":{},"type":"SecureObject"}},"triggers":{"manual":{"type":"Request","kind":"PowerApp","inputs":{"schema":{"type":"object","properties":{"Executestoredprocedure(V2)_area_code":{"type":"string"},"Executestoredprocedure(V2)_job_by":{"type":"string"},"Executestoredprocedure(V2)_percent_tag":{"type":"number"},"Executestoredprocedure(V2)_plant_code":{"type":"string"},"Executestoredprocedure(V2)_submitted_date":{"type":"string"},"Executestoredprocedure(V2)_submitted_time":{"type":"string"},"Executestoredprocedure(V2)_submitted_time_round":{"type":"integer"},"Executestoredprocedure(V2)_task_id":{"type":"string"}},"required":["Executestoredprocedure(V2)_area_code","Executestoredprocedure(V2)_job_by","Executestoredprocedure(V2)_percent_tag","Executestoredprocedure(V2)_plant_code","Executestoredprocedure(V2)_submitted_date","Executestoredprocedure(V2)_submitted_time","Executestoredprocedure(V2)_submitted_time_round","Executestoredprocedure(V2)_task_id"]}}}},"actions":{"Respond_to_a_PowerApp_or_flow":{"runAfter":{"Execute_stored_procedure_(V2)":["Succeeded"]},"type":"Response","kind":"PowerApp","inputs":{"statusCode":200,"body":{"responsemessage":"@outputs('Execute_stored_procedure_(V2)')?['body/outputparameters/rMessage']"},"schema":{"type":"object","properties":{"responsemessage":{"title":"ResponseMessage","x-ms-dynamically-added":true,"type":"string"}}}}},"Execute_stored_procedure_(V2)":{"runAfter":{},"type":"OpenApiConnection","inputs":{"host":{"apiId":"/providers/Microsoft.PowerApps/apis/shared_sql","connectionName":"shared_sql_1","operationId":"ExecuteProcedure_V2"},"parameters":{"server":"default","database":"default","procedure":"[dbo].[sp_mobile_smartlog_submit_job_20210719]","parameters/area_code":"@triggerBody()['Executestoredprocedure(V2)_area_code']","parameters/job_by":"@triggerBody()['Executestoredprocedure(V2)_job_by']","parameters/percent_tag":"@triggerBody()['Executestoredprocedure(V2)_percent_tag']","parameters/plant_code":"@triggerBody()['Executestoredprocedure(V2)_plant_code']","parameters/submitted_date":"@triggerBody()['Executestoredprocedure(V2)_submitted_date']","parameters/submitted_time":"@triggerBody()['Executestoredprocedure(V2)_submitted_time']","parameters/submitted_time_round":"@triggerBody()['Executestoredprocedure(V2)_submitted_time_round']","parameters/task_id":"@triggerBody()['Executestoredprocedure(V2)_task_id']"},"authentication":{"value":"@json(decodeBase64(triggerOutputs().headers['X-MS-APIM-Tokens']))['$ConnectionKey']","type":"Raw"}}}}},"connectionReferences":{"shared_sql_1":{"connectionName":"b7d4d5a0e4f045349a5b44191d8e2b23","source":"Invoker","id":"/providers/Microsoft.PowerApps/apis/shared_sql","tier":"NotSpecified"}},"flowFailureAlertSubscribed":false}}