{"name":"40f45c47-a77e-41c3-91ab-13af3a5b4d46","id":"/providers/Microsoft.Flow/flows/40f45c47-a77e-41c3-91ab-13af3a5b4d46","type":"Microsoft.Flow/flows","properties":{"apiId":"/providers/Microsoft.PowerApps/apis/shared_logicflows","displayName":"PRO_SL_GetMasterData","definition":{"metadata":{"workflowEntityId":null,"processAdvisorMetadata":null,"flowclientsuspensionreason":"None","flowclientsuspensiontime":null,"creator":{"id":"f53ff1ea-a8a5-4f62-bfcb-785385d9bd7f","type":"User","tenantId":"d39b3018-688f-4d0d-9fce-8c3cb1169c21"},"provisioningMethod":"FromDefinition","failureAlertSubscription":true,"clientLastModifiedTime":"2021-08-12T10:53:09.3497769Z"},"$schema":"https://schema.management.azure.com/providers/Microsoft.Logic/schemas/2016-06-01/workflowdefinition.json#","contentVersion":"1.0.0.0","parameters":{"$connections":{"defaultValue":{},"type":"Object"},"$authentication":{"defaultValue":{},"type":"SecureObject"}},"triggers":{"manual":{"type":"Request","kind":"PowerApp","inputs":{"schema":{"type":"object","properties":{"Executestoredprocedure(V2)_plant_code":{"type":"string"},"Executestoredprocedure(V2)_user_email":{"type":"string"}},"required":["Executestoredprocedure(V2)_plant_code","Executestoredprocedure(V2)_user_email"]}}}},"actions":{"Execute_stored_procedure_(V2)":{"runAfter":{},"type":"OpenApiConnection","inputs":{"host":{"apiId":"/providers/Microsoft.PowerApps/apis/shared_sql","connectionName":"shared_sql_1","operationId":"ExecuteProcedure_V2"},"parameters":{"server":"default","database":"default","procedure":"[dbo].[sp_mobile_smartlog_master_data_20210719]","parameters/plant_code":"@triggerBody()['Executestoredprocedure(V2)_plant_code']","parameters/user_email":"@triggerBody()['Executestoredprocedure(V2)_user_email']"},"authentication":{"value":"@json(decodeBase64(triggerOutputs().headers['X-MS-APIM-Tokens']))['$ConnectionKey']","type":"Raw"}}},"Response":{"runAfter":{"Execute_stored_procedure_(V2)":["Succeeded"]},"type":"Response","kind":"Http","inputs":{"statusCode":200,"body":"@outputs('Execute_stored_procedure_(V2)')?['body/resultsets']","schema":{"type":"object","properties":{"Table1":{"type":"array","items":{"type":"object","properties":{"Id":{"type":"integer"},"Title":{"type":"string"},"FullName":{"type":"string"},"Department":{"type":"string"},"UserPlant":{"type":"string"},"IsDefault":{"type":"boolean"}},"required":["Id","Title","FullName","Department","UserPlant","IsDefault"]}},"Table2":{"type":"array","items":{"type":"object","properties":{"Id":{"type":"integer"},"PlantGroup":{"type":"string"},"PlantCode":{"type":"string"},"PlantName":{"type":"string"}},"required":["Id","PlantGroup","PlantCode","PlantName"]}},"Table3":{"type":"array","items":{"type":"object","properties":{"PlantCode":{"type":"string"},"GroupType":{"type":"string"},"SystemCode":{"type":"string"},"Title":{"type":"string"},"Seq":{"type":"integer"},"Latitude":{"type":"number"},"Longitude":{"type":"number"},"DistanceLimit":{"type":"integer"}},"required":["PlantCode","GroupType","SystemCode","Title","Seq","Latitude","Longitude","DistanceLimit"]}},"Table4":{"type":"array","items":{"type":"object","properties":{"PlantCode":{"type":"string"},"Title":{"type":"string"},"IsCheckPoint":{"type":"boolean"}},"required":["PlantCode","Title","IsCheckPoint"]}},"Table5":{"type":"array","items":{"type":"object","properties":{"Id":{"type":"integer"},"PlantCode":{"type":"string"},"GroupType":{"type":"string"},"Seq":{"type":"integer"},"IDTime":{"type":"string"}},"required":["Id","PlantCode","GroupType","Seq","IDTime"]}},"Table6":{"type":"array","items":{"type":"object","properties":{"Id":{"type":"integer"},"TagTypeCode":{"type":"string"},"Title":{"type":"string"},"RealValue":{"type":"boolean"},"Normal":{"type":"boolean"},"Noise":{"type":"boolean"},"Leak":{"type":"boolean"},"Damaged":{"type":"boolean"},"Diffhigh":{"type":"boolean"},"AlarmFault":{"type":"boolean"},"ErrorValue":{"type":"boolean"},"NotificationIssue":{"type":"boolean"},"Other":{"type":"boolean"}},"required":["Id","TagTypeCode","Title","RealValue","Normal","Noise","Leak","Damaged","Diffhigh","AlarmFault","ErrorValue","NotificationIssue","Other"]}},"Table7":{"type":"array","items":{"type":"object","properties":{"SystemId":{"type":"string"},"SystemVersion":{"type":"string"}},"required":["SystemId","SystemVersion"]}},"Table8":{"type":"array","items":{"type":"object","properties":{"PlantCode":{"type":"string"},"Email":{"type":"string"}},"required":["PlantCode","Email"]}},"Table9":{"type":"array","items":{"type":"object","properties":{"Id":{"type":"integer"},"UserId":{"type":"string"}},"required":["Id","UserId"]}}}}}}}},"connectionReferences":{"shared_sql_1":{"connectionName":"b7d4d5a0e4f045349a5b44191d8e2b23","source":"Invoker","id":"/providers/Microsoft.PowerApps/apis/shared_sql","tier":"NotSpecified"}},"flowFailureAlertSubscribed":false}}