{"name":"da04aa11-8a33-4824-bcd0-bc96ed7da5c4","id":"/providers/Microsoft.Flow/flows/da04aa11-8a33-4824-bcd0-bc96ed7da5c4","type":"Microsoft.Flow/flows","properties":{"apiId":"/providers/Microsoft.PowerApps/apis/shared_logicflows","displayName":"PRO_SL_GetMasterTag","definition":{"metadata":{"workflowEntityId":null,"processAdvisorMetadata":null,"flowclientsuspensionreason":"None","flowclientsuspensiontime":null,"creator":{"id":"f53ff1ea-a8a5-4f62-bfcb-785385d9bd7f","type":"User","tenantId":"d39b3018-688f-4d0d-9fce-8c3cb1169c21"},"provisioningMethod":"FromDefinition","failureAlertSubscription":true,"clientLastModifiedTime":"2021-07-19T02:04:11.231232Z"},"$schema":"https://schema.management.azure.com/providers/Microsoft.Logic/schemas/2016-06-01/workflowdefinition.json#","contentVersion":"1.0.0.0","parameters":{"$connections":{"defaultValue":{},"type":"Object"},"$authentication":{"defaultValue":{},"type":"SecureObject"}},"triggers":{"manual":{"type":"Request","kind":"PowerApp","inputs":{"schema":{"type":"object","properties":{"Executestoredprocedure(V2)_plant_code":{"type":"string"}},"required":["Executestoredprocedure(V2)_plant_code"]}}}},"actions":{"Execute_stored_procedure_(V2)":{"runAfter":{},"type":"OpenApiConnection","inputs":{"host":{"apiId":"/providers/Microsoft.PowerApps/apis/shared_sql","connectionName":"shared_sql_1","operationId":"ExecuteProcedure_V2"},"parameters":{"server":"default","database":"default","procedure":"[dbo].[sp_mobile_smartlog_master_tag_logsheet_20210719]","parameters/plant_code":"@triggerBody()['Executestoredprocedure(V2)_plant_code']"},"authentication":{"value":"@json(decodeBase64(triggerOutputs().headers['X-MS-APIM-Tokens']))['$ConnectionKey']","type":"Raw"}}},"Response":{"runAfter":{"Execute_stored_procedure_(V2)":["Succeeded"]},"type":"Response","kind":"Http","inputs":{"statusCode":200,"body":"@outputs('Execute_stored_procedure_(V2)')?['body/resultsets']","schema":{"type":"object","properties":{"Table1":{"type":"array","items":{"type":"object","properties":{"Id":{"type":"integer"},"TagId":{"type":"integer"},"PlantCode":{"type":"string"},"GroupType":{"type":"string"},"SystemCode":{"type":"string"},"Seq":{"type":"integer"},"Equipment":{"type":"string"},"TagNo":{"type":"string"},"Description":{"type":"string"},"TagType":{"type":"string"},"Unit":{"type":"string"},"ShortUnit":{"type":"string"},"UnitLower":{"type":"string"},"UnitUpper":{"type":"string"},"T01":{"type":"string"},"T02":{"type":"string"},"T03":{"type":"string"},"T04":{"type":"string"},"T05":{"type":"string"},"T06":{"type":"string"},"T07":{"type":"string"},"T08":{"type":"string"}},"required":["Id","TagId","PlantCode","GroupType","SystemCode","Seq","Equipment","TagNo","Description","TagType","Unit","ShortUnit","UnitLower","UnitUpper","T01","T02","T03","T04","T05","T06","T07","T08"]}}}}}}}},"connectionReferences":{"shared_sql_1":{"connectionName":"b7d4d5a0e4f045349a5b44191d8e2b23","source":"Invoker","id":"/providers/Microsoft.PowerApps/apis/shared_sql","tier":"NotSpecified"}},"flowFailureAlertSubscribed":false}}