{"name":"a550a3fd-0457-4509-9d42-cf8af2a7a0ce","id":"/providers/Microsoft.Flow/flows/a550a3fd-0457-4509-9d42-cf8af2a7a0ce","type":"Microsoft.Flow/flows","properties":{"apiId":"/providers/Microsoft.PowerApps/apis/shared_logicflows","displayName":"PRO_SL_GetSubmitHistory","definition":{"metadata":{"workflowEntityId":null,"processAdvisorMetadata":null,"flowclientsuspensionreason":"None","flowclientsuspensiontime":null,"creator":{"id":"f53ff1ea-a8a5-4f62-bfcb-785385d9bd7f","type":"User","tenantId":"d39b3018-688f-4d0d-9fce-8c3cb1169c21"},"provisioningMethod":"FromDefinition","failureAlertSubscription":true,"clientLastModifiedTime":"2021-07-19T03:26:57.7318389Z"},"$schema":"https://schema.management.azure.com/providers/Microsoft.Logic/schemas/2016-06-01/workflowdefinition.json#","contentVersion":"1.0.0.0","parameters":{"$connections":{"defaultValue":{},"type":"Object"},"$authentication":{"defaultValue":{},"type":"SecureObject"}},"triggers":{"manual":{"type":"Request","kind":"PowerApp","inputs":{"schema":{"type":"object","properties":{"Executestoredprocedure(V2)_area_code":{"type":"string"},"Executestoredprocedure(V2)_plant_code":{"type":"string"},"Executestoredprocedure(V2)_submit_date":{"type":"string"}},"required":["Executestoredprocedure(V2)_area_code","Executestoredprocedure(V2)_plant_code","Executestoredprocedure(V2)_submit_date"]}}}},"actions":{"Execute_stored_procedure_(V2)":{"runAfter":{},"type":"OpenApiConnection","inputs":{"host":{"apiId":"/providers/Microsoft.PowerApps/apis/shared_sql","connectionName":"shared_sql_1","operationId":"ExecuteProcedure_V2"},"parameters":{"server":"default","database":"default","procedure":"[dbo].[sp_mobile_smartlog_submit_history_20210719]","parameters/area_code":"@triggerBody()['Executestoredprocedure(V2)_area_code']","parameters/plant_code":"@triggerBody()['Executestoredprocedure(V2)_plant_code']","parameters/submit_date":"@triggerBody()['Executestoredprocedure(V2)_submit_date']"},"authentication":{"value":"@json(decodeBase64(triggerOutputs().headers['X-MS-APIM-Tokens']))['$ConnectionKey']","type":"Raw"}}},"Response":{"runAfter":{"Execute_stored_procedure_(V2)":["Succeeded"]},"type":"Response","kind":"Http","inputs":{"statusCode":200,"body":"@outputs('Execute_stored_procedure_(V2)')?['body/resultsets']","schema":{"type":"object","properties":{"Table1":{"type":"array","items":{"type":"object","properties":{"_TaskId":{"type":"string"},"_PlantCode":{"type":"string"},"_AreaCode":{"type":"string"},"_SubmitDataDate":{"type":"string"},"_SubmitDataTime":{"type":"string"},"_SubmitDataTimeRound":{"type":"integer"},"_TaskStatus":{"type":"string"},"_IsClose":{"type":"boolean"}},"required":["_TaskId","_PlantCode","_AreaCode","_SubmitDataDate","_SubmitDataTime","_SubmitDataTimeRound","_TaskStatus","_IsClose"]}},"Table2":{"type":"array","items":{"type":"object","properties":{"PlantCode":{"type":"string"},"GroupType":{"type":"string"},"InputDate":{"type":"string"},"InputTime":{"type":"string"},"InputTimeRound":{"type":"integer"}},"required":["PlantCode","GroupType","InputDate","InputTime","InputTimeRound"]}}}}}}}},"connectionReferences":{"shared_sql_1":{"connectionName":"b7d4d5a0e4f045349a5b44191d8e2b23","source":"Invoker","id":"/providers/Microsoft.PowerApps/apis/shared_sql","tier":"NotSpecified"}},"flowFailureAlertSubscribed":false}}