{"schemaVersion":"1.0","appDefinitionTemplate":{"id":"/providers/Microsoft.PowerApps/apps/","type":"Microsoft.PowerApps/apps","tags":{"primaryDeviceWidth":"1024","primaryDeviceHeight":"768","sienaVersion":"20201208T104313Z-3.20113.29.0","deviceCapabilities":"","supportsPortrait":"false","supportsLandscape":"true","primaryFormFactor":"Tablet","publisherVersion":"3.20113.29","minimumRequiredApiVersion":"2.2.0","hasComponent":"false","hasUnlockedComponent":"false","isUnifiedRootApp":"false"},"properties":{"appVersion":"2020-12-08T10:43:13Z","lifeCycleId":"Published","createdByClientVersion":{"major":3,"minor":20113,"build":29,"revision":0,"majorRevision":0,"minorRevision":0},"minClientVersion":{"major":3,"minor":20113,"build":29,"revision":0,"majorRevision":0,"minorRevision":0},"backgroundColor":"rgba(0, 176, 240, 1)","backgroundImageUri":"/10064947970967753879/N64dac8a1-6a99-4dd6-8758-6e078538f7f4-logoSmallFile","displayName":"BOD Meeting","description":"","commitMessage":"","appUris":{"documentUri":{"value":"/10064947970967753879/Nacec7457-89d2-41f2-aa23-04beed4386c5-document.msapp"},"imageUris":[]},"createdTime":"0001-01-01T00:00:00Z","lastModifiedTime":"0001-01-01T00:00:00Z","sharedGroupsCount":0,"sharedUsersCount":0,"icons":{"smallIconUri":"/10064947970967753879/N0baf7f16-22f4-4eaf-b162-6ee2e46caff0-small.png","mediumIconUri":"/10064947970967753879/Nfbe60abf-35e0-4c5b-983e-df41494ddf90-medium.png","largeIconUri":"/10064947970967753879/Nefc8da87-16c9-4796-9a33-7aac05ce22e3-large.png","wideIconUri":"/10064947970967753879/Nff502b6c-402e-4af2-b59e-01e686cb9fc2-wide.png"},"connectionReferences":{"1c79e4ad-d9f2-4e92-a6b1-b72b78b2d8f7":{"id":"769e224d-5cbf-44d8-b220-7236cc0ba038","displayName":"SharePoint","iconUri":"https://connectoricons-prod.azureedge.net/releases/v1.0.1419/1.0.1419.2242/sharepointonline/icon.png","dataSources":["Master_Company","Master_Company_Group","Document_Attachment","Document_Group"],"dependencies":[],"dependents":[],"parameterHints":{},"isOnPremiseConnection":false,"bypassConsent":false,"dataSets":{"https://gulfgroup.sharepoint.com/sites/CorporateSecretary/bodmeeting":{"dataSources":{"Master_Company":{"tableName":"8578b9ac-c9f3-4d0e-a107-c9448ead4347"},"Master_Company_Group":{"tableName":"e1641d6a-4e89-4846-a15e-06709a2ec9db"},"Document_Attachment":{"tableName":"c197231c-7f79-4af6-97f6-781b20c429cc"},"Document_Group":{"tableName":"148ab9c9-28eb-4ac1-b056-a105799973c3"}}}},"apiTier":"Standard","isCustomApiConnection":false}},"databaseReferences":{},"almMode":"Environment","performanceOptimizationEnabled":true,"canConsumeAppPass":true,"executionRestrictions":{"isTeamsOnly":false,"dataLossPreventionEvaluationResult":{"status":"Compliant","lastEvaluationDate":"2020-10-23T05:41:19.0181518Z","violationDetails":[]}}},"isAppComponentLibrary":false,"appType":"ClassicCanvasApp","appComponents":[]}}