{"name":"08e09e6d-7d85-4852-aefb-fdd525b9ed88","id":"/providers/Microsoft.Flow/flows/08e09e6d-7d85-4852-aefb-fdd525b9ed88","type":"Microsoft.Flow/flows","properties":{"apiId":"/providers/Microsoft.PowerApps/apis/shared_logicflows","displayName":"PRO_SL_Submit_Percent","definition":{"metadata":{"workflowEntityId":null,"processAdvisorMetadata":null,"flowclientsuspensionreason":"None","flowclientsuspensiontime":null,"creator":{"id":"f53ff1ea-a8a5-4f62-bfcb-785385d9bd7f","type":"User","tenantId":"d39b3018-688f-4d0d-9fce-8c3cb1169c21"},"provisioningMethod":"FromDefinition","failureAlertSubscription":true,"clientLastModifiedTime":"2021-07-19T02:04:25.888275Z"},"$schema":"https://schema.management.azure.com/providers/Microsoft.Logic/schemas/2016-06-01/workflowdefinition.json#","contentVersion":"1.0.0.0","parameters":{"$connections":{"defaultValue":{},"type":"Object"},"$authentication":{"defaultValue":{},"type":"SecureObject"}},"triggers":{"manual":{"type":"Request","kind":"PowerApp","inputs":{"schema":{"type":"object","properties":{"Executestoredprocedure(V2)_area_code":{"type":"string"},"Executestoredprocedure(V2)_input_date":{"type":"string"},"Executestoredprocedure(V2)_input_time_round":{"type":"integer"},"Executestoredprocedure(V2)_plant_code":{"type":"string"}},"required":["Executestoredprocedure(V2)_area_code","Executestoredprocedure(V2)_input_date","Executestoredprocedure(V2)_input_time_round","Executestoredprocedure(V2)_plant_code"]}}}},"actions":{"Execute_stored_procedure_(V2)":{"runAfter":{},"type":"OpenApiConnection","inputs":{"host":{"apiId":"/providers/Microsoft.PowerApps/apis/shared_sql","connectionName":"shared_sql_1","operationId":"ExecuteProcedure_V2"},"parameters":{"server":"default","database":"default","procedure":"[dbo].[sp_mobile_smartlog_submit_percent_20210719]","parameters/area_code":"@triggerBody()['Executestoredprocedure(V2)_area_code']","parameters/input_date":"@triggerBody()['Executestoredprocedure(V2)_input_date']","parameters/input_time_round":"@triggerBody()['Executestoredprocedure(V2)_input_time_round']","parameters/plant_code":"@triggerBody()['Executestoredprocedure(V2)_plant_code']"},"authentication":{"value":"@json(decodeBase64(triggerOutputs().headers['X-MS-APIM-Tokens']))['$ConnectionKey']","type":"Raw"}}},"Respond_to_a_PowerApp_or_flow":{"runAfter":{"Execute_stored_procedure_(V2)":["Succeeded"]},"type":"Response","kind":"PowerApp","inputs":{"statusCode":200,"body":{"rpercent":"@outputs('Execute_stored_procedure_(V2)')?['body/outputparameters/rPercent']"},"schema":{"type":"object","properties":{"rpercent":{"title":"rPercent","x-ms-dynamically-added":true,"type":"string"}}}}}}},"connectionReferences":{"shared_sql_1":{"connectionName":"b7d4d5a0e4f045349a5b44191d8e2b23","source":"Invoker","id":"/providers/Microsoft.PowerApps/apis/shared_sql","tier":"NotSpecified"}},"flowFailureAlertSubscribed":false}}