{"name":"be930d9f-9102-451e-badd-7db59e1a5f72","id":"/providers/Microsoft.Flow/flows/be930d9f-9102-451e-badd-7db59e1a5f72","type":"Microsoft.Flow/flows","properties":{"apiId":"/providers/Microsoft.PowerApps/apis/shared_logicflows","displayName":"PRO_SL_GetTransTagHistory","definition":{"metadata":{"workflowEntityId":null,"processAdvisorMetadata":null,"flowclientsuspensionreason":"None","flowclientsuspensiontime":null,"creator":{"id":"f53ff1ea-a8a5-4f62-bfcb-785385d9bd7f","type":"User","tenantId":"d39b3018-688f-4d0d-9fce-8c3cb1169c21"},"provisioningMethod":"FromDefinition","failureAlertSubscription":true,"clientLastModifiedTime":"2021-07-19T02:05:29.5485882Z"},"$schema":"https://schema.management.azure.com/providers/Microsoft.Logic/schemas/2016-06-01/workflowdefinition.json#","contentVersion":"1.0.0.0","parameters":{"$connections":{"defaultValue":{},"type":"Object"},"$authentication":{"defaultValue":{},"type":"SecureObject"}},"triggers":{"manual":{"type":"Request","kind":"PowerApp","inputs":{"schema":{"type":"object","properties":{"Executestoredprocedure(V2)_area_code":{"type":"string"},"Executestoredprocedure(V2)_plant_code":{"type":"string"},"Executestoredprocedure(V2)_system_code":{"type":"string"},"Executestoredprocedure(V2)_tag_id":{"type":"integer"}},"required":["Executestoredprocedure(V2)_area_code","Executestoredprocedure(V2)_plant_code","Executestoredprocedure(V2)_system_code","Executestoredprocedure(V2)_tag_id"]}}}},"actions":{"Execute_stored_procedure_(V2)":{"runAfter":{},"type":"OpenApiConnection","inputs":{"host":{"apiId":"/providers/Microsoft.PowerApps/apis/shared_sql","connectionName":"shared_sql_1","operationId":"ExecuteProcedure_V2"},"parameters":{"server":"default","database":"default","procedure":"[dbo].[sp_mobile_smartlog_trans_record_history_20210719]","parameters/area_code":"@triggerBody()['Executestoredprocedure(V2)_area_code']","parameters/plant_code":"@triggerBody()['Executestoredprocedure(V2)_plant_code']","parameters/system_code":"@triggerBody()['Executestoredprocedure(V2)_system_code']","parameters/tag_id":"@triggerBody()['Executestoredprocedure(V2)_tag_id']"},"authentication":{"value":"@json(decodeBase64(triggerOutputs().headers['X-MS-APIM-Tokens']))['$ConnectionKey']","type":"Raw"}}},"Response":{"runAfter":{"Execute_stored_procedure_(V2)":["Succeeded"]},"type":"Response","kind":"Http","inputs":{"statusCode":200,"body":"@outputs('Execute_stored_procedure_(V2)')?['body/resultsets']","schema":{"type":"object","properties":{"Table1":{"type":"array","items":{"type":"object","properties":{"RowId":{"type":"integer"},"ID":{"type":"integer"},"PlantCode":{"type":"string"},"GroupType":{"type":"string"},"SystemCode":{"type":"string"},"Equipment":{"type":"string"},"InputDateTime":{"type":"string"},"InputDate":{"type":"string"},"InputTime":{"type":"string"},"Seq":{"type":"integer"},"TagId":{"type":"integer"},"TagNo":{"type":"string"},"Title":{"type":"string"},"Description":{"type":"string"},"Unit":{"type":"string"},"UnitLower":{"type":"string"},"UnitUpper":{"type":"string"},"LastValue":{"type":"integer"},"CurrentValue":{"type":"integer"},"CurrentText":{"type":"string"},"TagType":{"type":"string"},"UIMode":{"type":"integer"},"Noise":{"type":"boolean"},"Leak":{"type":"boolean"},"Damaged":{"type":"boolean"},"DiffHeight":{"type":"boolean"},"AlarmFault":{"type":"boolean"},"ErrorValue":{"type":"boolean"},"NotificationIssue":{"type":"boolean"},"AbOther":{"type":"boolean"},"OtherWork":{"type":"string"},"Remark":{"type":"string"},"Note":{"type":"string"},"TagEvent":{"type":"string"},"CreateMode":{"type":"string"},"AppVersion":{"type":"string"},"Created":{"type":"string"},"CreateBy":{"type":"string"},"UserEmail":{"type":"string"},"GPS_Latitude":{"type":"integer"},"GPS_Longitude":{"type":"integer"},"ChoiceId":{"type":"string"},"ChoiceName":{"type":"string"},"InputTimeRound":{"type":"integer"}},"required":["RowId","ID","PlantCode","GroupType","SystemCode","Equipment","InputDateTime","InputDate","InputTime","Seq","TagId","TagNo","Title","Description","Unit","UnitLower","UnitUpper","LastValue","CurrentValue","CurrentText","TagType","UIMode","Noise","Leak","Damaged","DiffHeight","AlarmFault","ErrorValue","NotificationIssue","AbOther","OtherWork","Remark","Note","TagEvent","CreateMode","AppVersion","Created","CreateBy","UserEmail","GPS_Latitude","GPS_Longitude","ChoiceId","ChoiceName","InputTimeRound"]}}}}}}}},"connectionReferences":{"shared_sql_1":{"connectionName":"b7d4d5a0e4f045349a5b44191d8e2b23","source":"Invoker","id":"/providers/Microsoft.PowerApps/apis/shared_sql","tier":"NotSpecified"}},"flowFailureAlertSubscribed":false}}