{"schemaVersion":"1.0","appDefinitionTemplate":{"id":"/providers/Microsoft.PowerApps/apps/","type":"Microsoft.PowerApps/apps","tags":{"primaryDeviceWidth":"640","primaryDeviceHeight":"1136","sienaVersion":"20210814T050557Z-3.21073.25.0","deviceCapabilities":"webcam,location","supportsPortrait":"true","supportsLandscape":"false","primaryFormFactor":"Phone","publisherVersion":"3.21081.49","minimumRequiredApiVersion":"2.2.0","hasComponent":"true","hasUnlockedComponent":"true","isUnifiedRootApp":"false"},"properties":{"appVersion":"2021-08-14T05:05:57Z","lifeCycleId":"Published","createdByClientVersion":{"major":3,"minor":21081,"build":49,"revision":0,"majorRevision":0,"minorRevision":0},"minClientVersion":{"major":3,"minor":21081,"build":49,"revision":0,"majorRevision":0,"minorRevision":0},"backgroundColor":"rgba(0, 176, 240, 1)","backgroundImageUri":"/1656405752811948111/Nf07b9981-33f6-45ea-b889-4244f319b53e-logoSmallFile","displayName":"Smart Log","description":"Smart Operation","commitMessage":"","appUris":{"documentUri":{"value":"/1656405752811948111/N37c6de4d-31ee-4e17-88aa-fc0a7f68e545-document.msapp"},"imageUris":[]},"createdTime":"0001-01-01T00:00:00Z","lastModifiedTime":"0001-01-01T00:00:00Z","sharedGroupsCount":0,"sharedUsersCount":0,"icons":{"smallIconUri":"/1656405752811948111/N974d24fb-ba2c-450d-9bca-42c10271170a-small.png","mediumIconUri":"/1656405752811948111/Nf8ed10f5-b129-4ace-80c2-872dca9cd6e1-medium.png","largeIconUri":"/1656405752811948111/Nbd9c1931-3999-49fb-a515-dd2ca5408884-large.png","wideIconUri":"/1656405752811948111/Nf3c0fdd4-52b0-449f-98b7-8ca367699f00-wide.png"},"connectionReferences":{"ade9fa31-432b-4510-97ab-00c61139853f":{"id":"e87cd23a-d9ea-4c5d-82de-5b344027ee42","displayName":"Office 365 Users","iconUri":"https://connectoricons-prod.azureedge.net/releases/v1.0.1472/1.0.1472.2427/office365users/icon.png","dataSources":["Office365Users"],"dependencies":[],"dependents":[],"parameterHints":{},"parameterHintsV2":{},"isOnPremiseConnection":false,"bypassConsent":false,"dataSets":{},"apiTier":"Standard","isCustomApiConnection":false,"actions":["MyProfile"]},"39faa5a3-6134-47ac-8675-bba96e629d3b":{"id":"a42a5285-9216-4fa5-89bc-5b26ed68ddeb","displayName":"SharePoint","iconUri":"https://connectoricons-prod.azureedge.net/releases/v1.0.1505/1.0.1505.2520/sharepointonline/icon.png","dataSources":["Master_Chart_Config","Trans_Tags","Master_Period_Time","Master_Group_Type","Master_Tags","Master_Approver_Config","Master_Group_System","Trans_Notes","Trans_LogBook","Master_Tag_Config","Trans_LastValue","Trans_Photo_Pro"],"dependencies":[],"dependents":["ab9c39c7-faa2-4df3-9663-c45c5216363a"],"parameterHints":{},"parameterHintsV2":{},"isOnPremiseConnection":false,"bypassConsent":false,"dataSets":{"https://gulfgroup.sharepoint.com/sites/itgulf/smartoperation":{"dataSources":{"Trans_Photo_Pro":{"tableName":"e2ed3eef-2862-42d1-916c-9a166b047839"}}}},"apiTier":"Standard","isCustomApiConnection":false,"actions":["providers/PowerPlatform.Governance/Operations/Read","providers/PowerPlatform.Governance/Operations/Delete"]},"a4c127eb-5c4b-4bf3-be05-3f07e51a5d4d":{"id":"0e03c980-0005-46b7-8b59-57e5e7098438","displayName":"Microsoft Teams","iconUri":"https://connectoricons-prod.azureedge.net/releases/v1.0.1505/1.0.1505.2520/teams/icon.png","dataSources":["MicrosoftTeams"],"dependencies":[],"dependents":[],"parameterHints":{},"parameterHintsV2":{},"isOnPremiseConnection":false,"bypassConsent":false,"dataSets":{},"apiTier":"Standard","isCustomApiConnection":false,"actions":["AddMemberToTeam"]},"e480fdf6-217a-4b98-8643-d8f8c1afc4f1":{"id":"bf9dc767-d2e9-4768-923a-8e88b99c33de","displayName":"Logic flows","iconUri":"https://connectoricons-prod.azureedge.net/releases/v1.0.1438/1.0.1438.2324/logicflows/icon.png","dataSources":["PRO_SL_Submit_Percent"],"dependencies":["8c74820a-7a2a-4d18-b2a7-315825fe8f82"],"dependents":[],"parameterHints":{"workflowName":{"value":"4a674b86-5792-4456-8e8a-62c5cb0af7e1"},"workflowEntityId":{},"8c74820a-7a2a-4d18-b2a7-315825fe8f82":{"value":"shared_sql_1"}},"parameterHintsV2":{"workflowName":{"value":"4a674b86-5792-4456-8e8a-62c5cb0af7e1"},"workflowEntityId":{},"shared_sql_1":{"value":"8c74820a-7a2a-4d18-b2a7-315825fe8f82"}},"isOnPremiseConnection":false,"bypassConsent":false,"dataSets":{},"apiTier":"Standard","isCustomApiConnection":false,"actions":["Run"]},"8c74820a-7a2a-4d18-b2a7-315825fe8f82":{"id":"cd156ec3-7248-4a76-86e7-110e77a15e99","displayName":"SQL Server","iconUri":"https://connectoricons-prod.azureedge.net/releases/v1.0.1504/1.0.1504.2515/sql/icon.png","dataSources":[],"dependencies":[],"dependents":["e480fdf6-217a-4b98-8643-d8f8c1afc4f1","8b3d2610-14d6-4561-a586-4675af607f7d","025e7b78-edf8-4807-b900-1689a6c7d72f","ce2f24ce-26b4-48f9-8d86-48339a7e7aa7","a5e44cc1-8140-468b-a07c-9d5cbcb52e73","bec8b0b0-50bb-46f8-a650-1e4edb1367aa","67cf5904-7ecf-45c0-b583-2f16b7055571","696e0522-cc3a-4c5e-9a73-6466b3c8057f"],"parameterHints":{},"parameterHintsV2":{},"isOnPremiseConnection":false,"sharedConnectionId":"88034ca1-7199-4333-8d24-de336b5a025a","bypassConsent":false,"dataSets":{},"apiTier":"Premium","isCustomApiConnection":false,"authenticationType":"sqlAuthentication","endpoints":["tcp:gulfazuredbserver.public.2b353710e0cd.database.windows.net,3342,AZUREDB-ELOGSHEET-PRD"]},"8b3d2610-14d6-4561-a586-4675af607f7d":{"id":"bf9dc767-d2e9-4768-923a-8e88b99c33de","displayName":"Logic flows","iconUri":"https://connectoricons-prod.azureedge.net/releases/v1.0.1438/1.0.1438.2324/logicflows/icon.png","dataSources":["PRO_SL_Submit_Job"],"dependencies":["8c74820a-7a2a-4d18-b2a7-315825fe8f82"],"dependents":[],"parameterHints":{"workflowName":{"value":"fa964102-571a-4589-a64b-cd5ea82a4c7c"},"workflowEntityId":{},"8c74820a-7a2a-4d18-b2a7-315825fe8f82":{"value":"shared_sql_1"}},"parameterHintsV2":{"workflowName":{"value":"fa964102-571a-4589-a64b-cd5ea82a4c7c"},"workflowEntityId":{},"shared_sql_1":{"value":"8c74820a-7a2a-4d18-b2a7-315825fe8f82"}},"isOnPremiseConnection":false,"bypassConsent":false,"dataSets":{},"apiTier":"Standard","isCustomApiConnection":false,"actions":["Run"]},"025e7b78-edf8-4807-b900-1689a6c7d72f":{"id":"bf9dc767-d2e9-4768-923a-8e88b99c33de","displayName":"Logic flows","iconUri":"https://connectoricons-prod.azureedge.net/releases/v1.0.1438/1.0.1438.2324/logicflows/icon.png","dataSources":["PRO_SL_TransferData"],"dependencies":["8c74820a-7a2a-4d18-b2a7-315825fe8f82"],"dependents":[],"parameterHints":{"workflowName":{"value":"ad178d63-f266-4a53-837e-af4557393e87"},"workflowEntityId":{},"8c74820a-7a2a-4d18-b2a7-315825fe8f82":{"value":"shared_sql_1"}},"parameterHintsV2":{"workflowName":{"value":"ad178d63-f266-4a53-837e-af4557393e87"},"workflowEntityId":{},"shared_sql_1":{"value":"8c74820a-7a2a-4d18-b2a7-315825fe8f82"}},"isOnPremiseConnection":false,"bypassConsent":false,"dataSets":{},"apiTier":"Standard","isCustomApiConnection":false,"actions":["Run"]},"ab9c39c7-faa2-4df3-9663-c45c5216363a":{"id":"bf9dc767-d2e9-4768-923a-8e88b99c33de","displayName":"Logic flows","iconUri":"https://connectoricons-prod.azureedge.net/releases/v1.0.1438/1.0.1438.2324/logicflows/icon.png","dataSources":["PRO_SL_UploadPhoto"],"dependencies":["39faa5a3-6134-47ac-8675-bba96e629d3b"],"dependents":[],"parameterHints":{"workflowName":{"value":"60df6cfe-6905-44b8-af61-103d527c2557"},"workflowEntityId":{},"39faa5a3-6134-47ac-8675-bba96e629d3b":{"value":"shared_sharepointonline"}},"parameterHintsV2":{"workflowName":{"value":"60df6cfe-6905-44b8-af61-103d527c2557"},"workflowEntityId":{},"shared_sharepointonline":{"value":"39faa5a3-6134-47ac-8675-bba96e629d3b"}},"isOnPremiseConnection":false,"bypassConsent":false,"dataSets":{},"apiTier":"Standard","isCustomApiConnection":false,"actions":["Run"]},"ce2f24ce-26b4-48f9-8d86-48339a7e7aa7":{"id":"bf9dc767-d2e9-4768-923a-8e88b99c33de","displayName":"Logic flows","iconUri":"https://connectoricons-prod.azureedge.net/releases/v1.0.1438/1.0.1438.2324/logicflows/icon.png","dataSources":["PRO_SL_GetTransTagHistory"],"dependencies":["8c74820a-7a2a-4d18-b2a7-315825fe8f82"],"dependents":[],"parameterHints":{"workflowName":{"value":"36a10b4b-9382-4b44-b1e9-25a9866b933d"},"workflowEntityId":{},"8c74820a-7a2a-4d18-b2a7-315825fe8f82":{"value":"shared_sql_1"}},"parameterHintsV2":{"workflowName":{"value":"36a10b4b-9382-4b44-b1e9-25a9866b933d"},"workflowEntityId":{},"shared_sql_1":{"value":"8c74820a-7a2a-4d18-b2a7-315825fe8f82"}},"isOnPremiseConnection":false,"bypassConsent":false,"dataSets":{},"apiTier":"Standard","isCustomApiConnection":false,"actions":["Run"]},"a5e44cc1-8140-468b-a07c-9d5cbcb52e73":{"id":"bf9dc767-d2e9-4768-923a-8e88b99c33de","displayName":"Logic flows","iconUri":"https://connectoricons-prod.azureedge.net/releases/v1.0.1438/1.0.1438.2324/logicflows/icon.png","dataSources":["PRO_SL_GetMasterTag"],"dependencies":["8c74820a-7a2a-4d18-b2a7-315825fe8f82"],"dependents":[],"parameterHints":{"workflowName":{"value":"be52bf61-4d99-4f39-ac4f-05ba030b9594"},"workflowEntityId":{},"8c74820a-7a2a-4d18-b2a7-315825fe8f82":{"value":"shared_sql_1"}},"parameterHintsV2":{"workflowName":{"value":"be52bf61-4d99-4f39-ac4f-05ba030b9594"},"workflowEntityId":{},"shared_sql_1":{"value":"8c74820a-7a2a-4d18-b2a7-315825fe8f82"}},"isOnPremiseConnection":false,"bypassConsent":false,"dataSets":{},"apiTier":"Standard","isCustomApiConnection":false,"actions":["Run"]},"bec8b0b0-50bb-46f8-a650-1e4edb1367aa":{"id":"bf9dc767-d2e9-4768-923a-8e88b99c33de","displayName":"Logic flows","iconUri":"https://connectoricons-prod.azureedge.net/releases/v1.0.1438/1.0.1438.2324/logicflows/icon.png","dataSources":["PRO_SL_GetSubmitHistory"],"dependencies":["8c74820a-7a2a-4d18-b2a7-315825fe8f82"],"dependents":[],"parameterHints":{"workflowName":{"value":"7cafa08f-a2e9-4018-8dcf-8b6506209293"},"workflowEntityId":{},"8c74820a-7a2a-4d18-b2a7-315825fe8f82":{"value":"shared_sql_1"}},"parameterHintsV2":{"workflowName":{"value":"7cafa08f-a2e9-4018-8dcf-8b6506209293"},"workflowEntityId":{},"shared_sql_1":{"value":"8c74820a-7a2a-4d18-b2a7-315825fe8f82"}},"isOnPremiseConnection":false,"bypassConsent":false,"dataSets":{},"apiTier":"Standard","isCustomApiConnection":false,"actions":["Run"]},"540ab8b2-9d04-4acc-bc6e-88004dc46955":{"id":"bf9dc767-d2e9-4768-923a-8e88b99c33de","displayName":"Logic flows","iconUri":"https://connectoricons-prod.azureedge.net/releases/v1.0.1438/1.0.1438.2324/logicflows/icon.png","dataSources":["PRO_SL_GIS_Location_Calc"],"dependencies":[],"dependents":[],"parameterHints":{"workflowName":{"value":"cfb81909-6c1a-4a22-9c02-c08f47777022"},"workflowEntityId":{}},"parameterHintsV2":{"workflowName":{"value":"cfb81909-6c1a-4a22-9c02-c08f47777022"},"workflowEntityId":{}},"isOnPremiseConnection":false,"bypassConsent":false,"dataSets":{},"apiTier":"Standard","isCustomApiConnection":false,"actions":["Run"]},"6669087a-8898-459f-8705-7b2dc7ab4219":{"id":"bf9dc767-d2e9-4768-923a-8e88b99c33de","displayName":"Logic flows","iconUri":"https://connectoricons-prod.azureedge.net/releases/v1.0.1438/1.0.1438.2324/logicflows/icon.png","dataSources":["PRO_SL_UpdateLocationConfig"],"dependencies":[],"dependents":[],"parameterHints":{"workflowName":{"value":"d2f1da71-8bef-4b7e-83db-c7b9a1f94f6c"},"workflowEntityId":{}},"parameterHintsV2":{"workflowName":{"value":"d2f1da71-8bef-4b7e-83db-c7b9a1f94f6c"},"workflowEntityId":{}},"isOnPremiseConnection":false,"bypassConsent":false,"dataSets":{},"apiTier":"Standard","isCustomApiConnection":false,"actions":["Run"]},"67cf5904-7ecf-45c0-b583-2f16b7055571":{"id":"bf9dc767-d2e9-4768-923a-8e88b99c33de","displayName":"Logic flows","iconUri":"https://connectoricons-prod.azureedge.net/releases/v1.0.1438/1.0.1438.2324/logicflows/icon.png","dataSources":["PRO_SL_GetMasterData"],"dependencies":["8c74820a-7a2a-4d18-b2a7-315825fe8f82"],"dependents":[],"parameterHints":{"workflowName":{"value":"02928f29-1791-43a8-8996-4ee34ecd9c4e"},"workflowEntityId":{},"8c74820a-7a2a-4d18-b2a7-315825fe8f82":{"value":"shared_sql_1"}},"parameterHintsV2":{"workflowName":{"value":"02928f29-1791-43a8-8996-4ee34ecd9c4e"},"workflowEntityId":{},"shared_sql_1":{"value":"8c74820a-7a2a-4d18-b2a7-315825fe8f82"}},"isOnPremiseConnection":false,"bypassConsent":false,"dataSets":{},"apiTier":"Standard","isCustomApiConnection":false,"actions":["Run"]},"696e0522-cc3a-4c5e-9a73-6466b3c8057f":{"id":"bf9dc767-d2e9-4768-923a-8e88b99c33de","displayName":"Logic flows","iconUri":"https://connectoricons-prod.azureedge.net/releases/v1.0.1438/1.0.1438.2324/logicflows/icon.png","dataSources":["PRO_SL_GetTransTagHistoryWithMaster"],"dependencies":["8c74820a-7a2a-4d18-b2a7-315825fe8f82"],"dependents":[],"parameterHints":{"workflowName":{"value":"f4735e4e-31dd-4553-a74c-2ca26aff2cb1"},"workflowEntityId":{},"8c74820a-7a2a-4d18-b2a7-315825fe8f82":{"value":"shared_sql_1"}},"parameterHintsV2":{"workflowName":{"value":"f4735e4e-31dd-4553-a74c-2ca26aff2cb1"},"workflowEntityId":{},"shared_sql_1":{"value":"8c74820a-7a2a-4d18-b2a7-315825fe8f82"}},"isOnPremiseConnection":false,"bypassConsent":false,"dataSets":{},"apiTier":"Standard","isCustomApiConnection":false,"actions":["Run"]}},"databaseReferences":{},"almMode":"Environment","performanceOptimizationEnabled":true,"canConsumeAppPass":true,"executionRestrictions":{"isTeamsOnly":false,"dataLossPreventionEvaluationResult":{"status":"Compliant","lastEvaluationDate":"2020-10-21T10:55:34.0097689Z","violationDetails":[]}}},"appType":"ClassicCanvasApp","appComponents":[]}}