{"name":"aebb51cc-eaae-4011-8961-3a8b98e216dd","id":"/providers/Microsoft.Flow/flows/aebb51cc-eaae-4011-8961-3a8b98e216dd","type":"Microsoft.Flow/flows","properties":{"apiId":"/providers/Microsoft.PowerApps/apis/shared_logicflows","displayName":"PRO_SL_UploadPhoto","definition":{"metadata":{"workflowEntityId":null,"processAdvisorMetadata":null,"flowclientsuspensionreason":"None","flowclientsuspensiontime":null,"creator":{"id":"f53ff1ea-a8a5-4f62-bfcb-785385d9bd7f","type":"User","tenantId":"d39b3018-688f-4d0d-9fce-8c3cb1169c21"},"provisioningMethod":"FromDefinition","failureAlertSubscription":true,"clientLastModifiedTime":"2021-07-19T02:03:56.9960842Z"},"$schema":"https://schema.management.azure.com/providers/Microsoft.Logic/schemas/2016-06-01/workflowdefinition.json#","contentVersion":"1.0.0.0","parameters":{"$connections":{"defaultValue":{},"type":"Object"},"$authentication":{"defaultValue":{},"type":"SecureObject"}},"triggers":{"manual":{"type":"Request","kind":"PowerApp","inputs":{"schema":{"type":"object","properties":{"Createfile_FileName":{"type":"string","description":"Name of the file.","x-ms-powerflows-param-ispartial":false},"Createfile_FileContent":{"type":"string","format":"binary","description":"Content of the file.","x-ms-powerflows-param-ispartial":false}},"required":["Createfile_FileName","Createfile_FileContent"]}}}},"actions":{"Compose":{"runAfter":{},"type":"Compose","inputs":"@dataUriToBinary(triggerBody()['Createfile_FileContent'])"},"Create_file":{"runAfter":{"Compose":["Succeeded"]},"type":"OpenApiConnection","inputs":{"host":{"apiId":"/providers/Microsoft.PowerApps/apis/shared_sharepointonline","connectionName":"shared_sharepointonline","operationId":"CreateFile"},"parameters":{"dataset":"https://gulfgroup.sharepoint.com/sites/itgulf/smartoperation","folderPath":"/Trans_Photo_Uat","name":"@triggerBody()['Createfile_FileName']","body":"@outputs('Compose')"},"authentication":{"value":"@json(decodeBase64(triggerOutputs().headers['X-MS-APIM-Tokens']))['$ConnectionKey']","type":"Raw"}},"runtimeConfiguration":{"contentTransfer":{"transferMode":"Chunked"}}}}},"connectionReferences":{"shared_sharepointonline":{"connectionName":"b2912503b57d48ad994dd522e41270fd","source":"Invoker","id":"/providers/Microsoft.PowerApps/apis/shared_sharepointonline","tier":"NotSpecified"}},"flowFailureAlertSubscribed":false}}