{"name":"9d60f679-a76d-4079-9f86-a99405f1dfa8","id":"/providers/Microsoft.Flow/flows/9d60f679-a76d-4079-9f86-a99405f1dfa8","type":"Microsoft.Flow/flows","properties":{"apiId":"/providers/Microsoft.PowerApps/apis/shared_logicflows","displayName":"PRO_SL_GetTransTagHistoryWithMaster","definition":{"metadata":{"workflowEntityId":null,"processAdvisorMetadata":null,"flowclientsuspensionreason":"None","flowclientsuspensiontime":null,"creator":{"id":"f53ff1ea-a8a5-4f62-bfcb-785385d9bd7f","type":"User","tenantId":"d39b3018-688f-4d0d-9fce-8c3cb1169c21"},"provisioningMethod":"FromDefinition","failureAlertSubscription":true,"clientLastModifiedTime":"2021-08-14T03:24:26.5025842Z"},"$schema":"https://schema.management.azure.com/providers/Microsoft.Logic/schemas/2016-06-01/workflowdefinition.json#","contentVersion":"1.0.0.0","parameters":{"$connections":{"defaultValue":{},"type":"Object"},"$authentication":{"defaultValue":{},"type":"SecureObject"}},"triggers":{"manual":{"type":"Request","kind":"PowerApp","inputs":{"schema":{"type":"object","properties":{"Executestoredprocedure(V2)_area_code":{"type":"string"},"Executestoredprocedure(V2)_plant_code":{"type":"string"},"Executestoredprocedure(V2)_time_round":{"type":"integer"},"Executestoredprocedure(V2)_record_date":{"type":"string"}},"required":["Executestoredprocedure(V2)_area_code","Executestoredprocedure(V2)_plant_code","Executestoredprocedure(V2)_time_round","Executestoredprocedure(V2)_record_date"]}}}},"actions":{"Execute_stored_procedure_(V2)":{"runAfter":{},"type":"OpenApiConnection","inputs":{"host":{"apiId":"/providers/Microsoft.PowerApps/apis/shared_sql","connectionName":"shared_sql_1","operationId":"ExecuteProcedure_V2"},"parameters":{"server":"default","database":"default","procedure":"[dbo].[sp_mobile_smartlog_master_tag_with_record_20210719]","parameters/area_code":"@triggerBody()['Executestoredprocedure(V2)_area_code']","parameters/plant_code":"@triggerBody()['Executestoredprocedure(V2)_plant_code']","parameters/record_date":"@triggerBody()['Executestoredprocedure(V2)_record_date']","parameters/time_round":"@triggerBody()['Executestoredprocedure(V2)_time_round']"},"authentication":{"value":"@json(decodeBase64(triggerOutputs().headers['X-MS-APIM-Tokens']))['$ConnectionKey']","type":"Raw"}}},"Response":{"runAfter":{"Execute_stored_procedure_(V2)":["Succeeded"]},"type":"Response","kind":"Http","inputs":{"statusCode":200,"body":"@outputs('Execute_stored_procedure_(V2)')?['body/resultsets']","schema":{"type":"object","properties":{"Table1":{"type":"array","items":{"type":"object","properties":{"ATagRecordNo":{"type":"integer"},"TagPlantCode":{"type":"string"},"TagGroupType":{"type":"string"},"TagSystemCode":{"type":"string"},"TagSystemName":{"type":"string"},"TagSystemSeq":{"type":"integer"},"TagSeq":{"type":"integer"},"TagID":{"type":"integer"},"TagNo":{"type":"string"},"TagEquipment":{"type":"string"},"TagDescription":{"type":"string"},"TagType":{"type":"string"},"TagUnit":{"type":"string"},"TagUnitLower":{"type":"string"},"TagUnitUpper":{"type":"string"},"TagConfig_RealValue":{"type":"boolean"},"TagConfig_Noise":{"type":"boolean"},"TagConfig_Leak":{"type":"boolean"},"TagConfig_Damaged":{"type":"boolean"},"TagConfig_Diffhigh":{"type":"boolean"},"TagConfig_AlarmFault":{"type":"boolean"},"TagConfig_ErrorValue":{"type":"boolean"},"TagConfig_NotificationIssue":{"type":"boolean"},"TransTag_ID":{"type":"integer"},"TransTag_InputDate":{"type":"string"},"TransTag_InputTime":{"type":"string"},"TransTag_UIMode":{"type":"integer"},"TransTag_CurrentValue":{"type":"string"},"TransTag_CurrentText":{"type":"string"},"TransTag_Noise":{"type":"boolean"},"TransTag_Leak":{"type":"boolean"},"TransTag_Damaged":{"type":"boolean"},"TransTag_DiffHeight":{"type":"boolean"},"TransTag_AlarmFault":{"type":"boolean"},"TransTag_ErrorValue":{"type":"boolean"},"TransTag_NotificationIssue":{"type":"boolean"},"TransTag_AbOther":{"type":"boolean"},"TransTag_OtherWork":{"type":"string"},"TransTag_Remark":{"type":"string"},"TransTag_CreateMode":{"type":"string"},"TransTag_UsedChange":{"type":"integer"},"TransTag_LastValue":{"type":"string"},"TransTag_Note":{"type":"string"},"TransTag_GpsLatitude":{"type":"integer"},"TransTag_GpsLongitude":{"type":"integer"},"TransTag_ChoiceId":{"type":"string"},"TransTag_TimeRound":{"type":"integer"},"TransTag_IsNotifNo":{"type":"string"},"TransTag_FuncLoc":{"type":"string"},"TransTag_InRadius":{"type":"boolean"},"TransTag_DistanceMeter":{"type":"integer"}},"required":["ATagRecordNo","TagPlantCode","TagGroupType","TagSystemCode","TagSystemName","TagSystemSeq","TagSeq","TagID","TagNo","TagEquipment","TagDescription","TagType","TagUnit","TagUnitLower","TagUnitUpper","TagConfig_RealValue","TagConfig_Noise","TagConfig_Leak","TagConfig_Damaged","TagConfig_Diffhigh","TagConfig_AlarmFault","TagConfig_ErrorValue","TagConfig_NotificationIssue","TransTag_ID","TransTag_InputDate","TransTag_InputTime","TransTag_UIMode","TransTag_CurrentValue","TransTag_CurrentText","TransTag_Noise","TransTag_Leak","TransTag_Damaged","TransTag_DiffHeight","TransTag_AlarmFault","TransTag_ErrorValue","TransTag_NotificationIssue","TransTag_AbOther","TransTag_OtherWork","TransTag_Remark","TransTag_CreateMode","TransTag_UsedChange","TransTag_LastValue","TransTag_Note","TransTag_GpsLatitude","TransTag_GpsLongitude","TransTag_ChoiceId","TransTag_TimeRound","TransTag_IsNotifNo","TransTag_FuncLoc","TransTag_InRadius","TransTag_DistanceMeter"]}},"Table2":{"type":"array","items":{"type":"object","properties":{"TagId":{"type":"integer"},"ChoiceId":{"type":"string"},"Name":{"type":"string"},"RequestRemark":{"type":"boolean"},"IsAbnormal":{"type":"boolean"}},"required":["TagId","ChoiceId","Name","RequestRemark","IsAbnormal"]}}}}}}}},"connectionReferences":{"shared_sql_1":{"connectionName":"b7d4d5a0e4f045349a5b44191d8e2b23","source":"Invoker","id":"/providers/Microsoft.PowerApps/apis/shared_sql","tier":"NotSpecified"}},"flowFailureAlertSubscribed":false}}